,entailment,neutral,contradiction
mean,8.686921730432609,8.619154788697175,8.625906476619155
median,8.0,8.0,8.0
std,3.5120754317845564,3.3459439409865435,3.335813671157294
25ptile,6.0,6.0,6.0
75ptile,11.0,11.0,11.0
min,1.0,1.0,1.0
max,26.0,26.0,34.0
