,entailment,neutral,contradiction
mean,0.4318820603495698,0.3174000898130261,0.3674869383525706
median,0.42857142857142855,0.2857142857142857,0.3333333333333333
std,0.2218234581989358,0.19041817105541403,0.2062178297011048
25ptile,0.2727272727272727,0.18181818181818182,0.21428571428571427
75ptile,0.5882352941176471,0.42857142857142855,0.5
min,0.0,0.0,0.0
max,1.0,1.0,1.0
