,entailment,neutral,contradiction
mean,0.18905999750869645,0.1313017343022574,0.15980869078331691
median,0.16666666666666666,0.1111111111111111,0.13333333333333333
std,0.12846558906874544,0.10148664678734846,0.12185509877354395
25ptile,0.09878048780487805,0.0625,0.075
75ptile,0.25,0.17647058823529413,0.21428571428571427
min,0.0,0.0,0.0
max,1.0,0.8461538461538461,0.8571428571428571
