,entailment,neutral,contradiction
mean,8.428857715430862,8.697394789579159,8.634268537074147
median,8.0,8.0,8.0
std,4.134456444087877,3.8757809872639366,4.0373765298474895
25ptile,6.0,6.0,6.0
75ptile,10.0,11.0,11.0
min,2.0,2.0,3.0
max,67.0,68.0,67.0
