,entailment,neutral,contradiction
mean,0.4946336988881549,0.36073284129097766,0.38695815417398177
median,0.5,0.3333333333333333,0.375
std,0.25070090051749433,0.20728220899354383,0.22078624242672812
25ptile,0.3333333333333333,0.2,0.2222222222222222
75ptile,0.6666666666666666,0.5,0.5
min,0.0,0.0,0.0
max,1.0,1.0,1.0
