,entailment,neutral,contradiction
mean,0.21212553180923752,0.15084501662248448,0.16283587648612224
median,0.18181818181818182,0.125,0.13333333333333333
std,0.15682301787054378,0.12222502646815532,0.1308943330118028
25ptile,0.10526315789473684,0.06666666666666667,0.07478632478632478
75ptile,0.2727272727272727,0.2,0.22101449275362317
min,0.0,0.0,0.0
max,0.9830508474576272,0.9666666666666667,0.9830508474576272
