,entailment,neutral,contradiction
mean,8.632726545309062,8.639327865573115,8.649929985997199
median,8.0,8.0,8.0
std,3.4456183917953305,3.334694844240976,3.3315935078006604
25ptile,6.0,6.0,6.0
75ptile,11.0,11.0,11.0
min,1.0,1.0,1.0
max,26.0,26.0,34.0
