,entailment,neutral,contradiction
mean,0.19177346185178737,0.12994477481185746,0.16310825769042533
median,0.16666666666666666,0.10714285714285714,0.13333333333333333
std,0.1298060797327549,0.10036412194211182,0.1257863514460747
25ptile,0.1,0.0625,0.07692307692307693
75ptile,0.25,0.17647058823529413,0.21428571428571427
min,0.0,0.0,0.0
max,1.0,0.8461538461538461,0.8571428571428571
