,entailment,neutral,contradiction
mean,0.43822756896148024,0.3146318925071814,0.3733277314256094
median,0.42857142857142855,0.2857142857142857,0.36363636363636365
std,0.22097366941412214,0.18931585154519442,0.2082987040121074
25ptile,0.2857142857142857,0.18181818181818182,0.2222222222222222
75ptile,0.6,0.42857142857142855,0.5
min,0.0,0.0,0.0
max,1.0,1.0,1.0
