,entailment,neutral,contradiction
mean,9.417,9.408,9.227
median,9.0,9.0,8.0
std,4.091680932435086,4.135049532307278,3.7287228878497225
25ptile,7.0,7.0,7.0
75ptile,11.0,11.0,11.0
min,2.0,2.0,2.0
max,36.0,36.0,32.0
