,entailment,neutral,contradiction
mean,0.23365920789396813,0.15327499762310265,0.19711030245742922
median,0.2,0.125,0.16216216216216217
std,0.16312921725650278,0.1218484840232704,0.15524721001303968
25ptile,0.11869747899159663,0.06839080459770115,0.08571428571428572
75ptile,0.3125,0.21052631578947367,0.26666666666666666
min,0.0,0.0,0.0
max,1.0,0.9090909090909091,1.0
