,entailment,neutral,contradiction
mean,0.488822020325997,0.3483047542623313,0.42411355358718283
median,0.5,0.3333333333333333,0.4
std,0.25029414213433415,0.22282061610402518,0.24585627390961964
25ptile,0.3,0.2,0.25
75ptile,0.6666666666666666,0.5,0.6
min,0.0,0.0,0.0
max,1.0,1.0,1.0
