,entailment,neutral,contradiction
mean,8.324,8.981,8.576576576576576
median,7.0,8.0,8.0
std,3.7572784220950592,4.2549669497827765,4.12236335749219
25ptile,6.0,6.0,6.0
75ptile,10.0,11.0,10.0
min,3.0,2.0,3.0
max,34.0,30.0,35.0
