,entailment,neutral,contradiction
mean,0.4744471928039925,0.3423382385069052,0.38454810913334847
median,0.5,0.3333333333333333,0.3333333333333333
std,0.2657231788455877,0.21654637134944063,0.24523026824309574
25ptile,0.2727272727272727,0.18181818181818182,0.2
75ptile,0.6666666666666666,0.5,0.5555555555555556
min,0.0,0.0,0.0
max,1.0,1.0,1.0
