,entailment,neutral,contradiction
mean,0.2118900772614622,0.15116392147935886,0.16468703930579243
median,0.16666666666666666,0.11428571428571428,0.125
std,0.17242184728721047,0.13854249045230196,0.14534906387668856
25ptile,0.08695652173913043,0.0625,0.06666666666666667
75ptile,0.29411764705882354,0.19047619047619047,0.21739130434782608
min,0.0,0.0,0.0
max,1.0,0.875,0.9090909090909091
