,entailment,neutral,contradiction
mean,8.070737404070737,8.436436436436436,8.217217217217216
median,7.0,8.0,7.0
std,3.851421272448587,3.7685518471175277,3.79364198229753
25ptile,5.0,6.0,6.0
75ptile,10.0,10.0,10.0
min,2.0,2.0,2.0
max,67.0,68.0,67.0
