,entailment,neutral,contradiction
mean,0.49058599966226923,0.35196045010323046,0.3830296749252886
median,0.5,0.3333333333333333,0.36363636363636365
std,0.24508705939254827,0.20911271156157715,0.2199802939696529
25ptile,0.3333333333333333,0.2,0.2222222222222222
75ptile,0.6666666666666666,0.5,0.5
min,0.0,0.0,0.0
max,1.0,1.0,1.0
