,entailment,neutral,contradiction
mean,0.2141422856278332,0.15073744962921842,0.1629380987345471
median,0.18181818181818182,0.12,0.13043478260869565
std,0.15702562600296796,0.12607848652060466,0.13141311015211782
25ptile,0.10526315789473684,0.06666666666666667,0.07407407407407407
75ptile,0.2857142857142857,0.2,0.2222222222222222
min,0.0,0.0,0.0
max,1.0,0.9714285714285714,0.9830508474576272
