,entailment,neutral,contradiction
mean,8.795897948974487,8.929464732366183,8.744372186093047
median,8.0,8.0,8.0
std,3.7098687723285706,4.2665830584469395,3.7101148291653137
25ptile,6.0,6.0,6.0
75ptile,11.0,11.0,11.0
min,2.0,2.0,0.0
max,29.0,38.0,27.0
