,entailment,neutral,contradiction
mean,0.45111655562062464,0.3304895216121718,0.3675601362893655
median,0.4444444444444444,0.3333333333333333,0.3333333333333333
std,0.22909673947292078,0.19628988389234497,0.2064679658877209
25ptile,0.2857142857142857,0.18181818181818182,0.21626984126984125
75ptile,0.6153846153846154,0.45454545454545453,0.5
min,0.0,0.0,0.0
max,1.0,1.0,1.0
