,entailment,neutral,contradiction
mean,0.20583859248673564,0.14171360343344375,0.15947298645535704
median,0.17647058823529413,0.12,0.13636363636363635
std,0.1431652223667711,0.1070191239519799,0.11651142384473842
25ptile,0.1,0.06666666666666667,0.07692307692307693
75ptile,0.27622890682318413,0.19047619047619047,0.21428571428571427
min,0.0,0.0,0.0
max,1.0,0.75,0.7777777777777778
