,entailment,neutral,contradiction
mean,8.134100575431574,8.572679509632223,8.307057057057056
median,7.0,8.0,7.0
std,3.8291896291654557,3.9025330126121274,3.8810292749525925
25ptile,5.0,6.0,6.0
75ptile,10.0,10.0,10.0
min,2.0,2.0,2.0
max,67.0,68.0,67.0
