,entailment,neutral,contradiction
mean,0.21357881093021724,0.15084414761524303,0.1633753338773584
median,0.17857142857142858,0.11764705882352941,0.13043478260869565
std,0.16099655318138034,0.12929191850741076,0.1350154382377509
25ptile,0.1,0.06666666666666667,0.07142857142857142
75ptile,0.2857142857142857,0.2,0.21739130434782608
min,0.0,0.0,0.0
max,1.0,0.9714285714285714,0.9830508474576272
