,entailment,neutral,contradiction
mean,0.48654826965019093,0.34955309168533566,0.38340928347730363
median,0.5,0.3333333333333333,0.36363636363636365
std,0.25047313851031006,0.21101091784119655,0.2265261190764549
25ptile,0.3076923076923077,0.2,0.2
75ptile,0.6666666666666666,0.5,0.5384615384615384
min,0.0,0.0,0.0
max,1.0,1.0,1.0
