,entailment,neutral,contradiction
mean,8.586,8.65,8.703
median,8.0,8.0,8.0
std,3.2636260899887497,3.391902859016603,3.0623796579080738
25ptile,6.0,6.0,6.0
75ptile,11.0,11.0,10.0
min,2.0,3.0,3.0
max,22.0,22.0,22.0
