,entailment,neutral,contradiction
mean,0.19606206364470258,0.1298252959300387,0.17092959048624276
median,0.16666666666666666,0.10344827586206896,0.13840996168582376
std,0.13866078765396922,0.1018528386255234,0.12538734513052194
25ptile,0.09736428009441386,0.058823529411764705,0.08511904761904761
75ptile,0.25966183574879226,0.17647058823529413,0.2222222222222222
min,0.0,0.0,0.0
max,1.0,0.6428571428571429,0.7777777777777778
