,entailment,neutral,contradiction
mean,0.4459547652210191,0.3137551910378923,0.3917607382555525
median,0.4444444444444444,0.29411764705882354,0.375
std,0.22500997075435847,0.1861345619659889,0.2088376728455646
25ptile,0.2857142857142857,0.16666666666666666,0.25
75ptile,0.6,0.4392361111111111,0.5
min,0.0,0.0,0.0
max,1.0,1.0,1.0
