,entailment,neutral,contradiction
mean,0.18546224812848924,0.13571214420476246,0.14237967180827885
median,0.15789473684210525,0.1111111111111111,0.12
std,0.13506612184372804,0.1067361740093527,0.11458944187424025
25ptile,0.09090909090909091,0.0625,0.06350806451612903
75ptile,0.25,0.1875,0.19292803970223327
min,0.0,0.0,0.0
max,0.875,0.8,0.8
