,entailment,neutral,contradiction
mean,0.4442022950622882,0.3314523516449901,0.34660937868712205
median,0.42857142857142855,0.3333333333333333,0.3333333333333333
std,0.23931075518919542,0.20505384657987433,0.21248224272215216
25ptile,0.25,0.18181818181818182,0.2
75ptile,0.6,0.5,0.5
min,0.0,0.0,0.0
max,1.0,1.0,1.0
