baseline_4_separate-LitL_4,0.7744593202883625
LotS_4_separate-LitL_4,0.8110195674562307
baseline_4-LotS_4,0.8156028368794326
LotS_4-baseline_4,0.8473976755937342
LotS_4_separate-baseline_4,0.8115209701869631
baseline_4-LitL_4,0.8357363542739444
LitL_4_separate-baseline_4,0.7998989388580091
LitL_4-LotS_4,0.7948328267477204
LitL_4_separate-LotS_4,0.7563323201621074
baseline_4_separate-LotS_4,0.7608915906788247
LitL_4-baseline_4,0.84133400707428
LotS_4-LitL_4,0.8341915550978373
