,entailment,neutral,contradiction
mean,8.841841841841841,8.753753753753754,8.722722722722724
median,8.0,8.0,8.0
std,3.6561928975396043,3.3597618103472695,3.293917725468946
25ptile,6.0,6.0,6.0
75ptile,11.0,11.0,11.0
min,2.0,3.0,3.0
max,26.0,23.0,23.0
