,entailment,neutral,contradiction
mean,0.42772352702244565,0.3169339679702597,0.3560218667846807
median,0.42857142857142855,0.2857142857142857,0.3333333333333333
std,0.21729271147280826,0.1868863653427925,0.1982052212994606
25ptile,0.2727272727272727,0.18181818181818182,0.2
75ptile,0.5714285714285714,0.42857142857142855,0.5
min,0.0,0.0,0.0
max,1.0,1.0,1.0
