,entailment,neutral,contradiction
mean,0.17943324315911474,0.12705064621427592,0.1491232192645655
median,0.16666666666666666,0.10526315789473684,0.125
std,0.11563540497330226,0.09783497520342374,0.1106312563629676
25ptile,0.09404481132075472,0.0625,0.07142857142857142
75ptile,0.24,0.16666666666666666,0.2
min,0.0,0.0,0.0
max,0.7272727272727273,0.8461538461538461,0.75
