,entailment,neutral,contradiction
mean,0.45015600405181044,0.33782907690615177,0.3587683814920889
median,0.4444444444444444,0.3333333333333333,0.3333333333333333
std,0.23100634497906516,0.19790323214104966,0.20805404904988917
25ptile,0.2727272727272727,0.2,0.2
75ptile,0.625,0.5,0.5
min,0.0,0.0,0.0
max,1.0,1.0,1.0
