,entailment,neutral,contradiction
mean,8.948316105368455,9.130710236745582,8.813604534844949
median,8.0,8.0,8.0
std,3.684840344486258,4.23960336433215,3.5700744996355573
25ptile,6.0,6.0,6.0
75ptile,11.0,11.0,11.0
min,2.0,2.0,0.0
max,29.0,38.0,27.0
