,entailment,neutral,contradiction
mean,0.44985285463334096,0.32033732773199636,0.36797238185776937
median,0.4444444444444444,0.3,0.35714285714285715
std,0.22440551361202826,0.19221322306273345,0.20445751010324187
25ptile,0.2857142857142857,0.17647058823529413,0.2222222222222222
75ptile,0.6,0.4444444444444444,0.5
min,0.0,0.0,0.0
max,1.0,1.0,1.0
