,entailment,neutral,contradiction
mean,0.2064698767734354,0.1372812192309663,0.159765698395625
median,0.17857142857142858,0.11538461538461539,0.13793103448275862
std,0.14111653022652554,0.10337744307261361,0.1148224088101773
25ptile,0.10344827586206896,0.06666666666666667,0.07692307692307693
75ptile,0.27586206896551724,0.18518518518518517,0.21428571428571427
min,0.0,0.0,0.0
max,1.0,0.75,0.7777777777777778
