,entailment,neutral,contradiction
mean,7.8928392588883325,8.162243365047571,8.062093139709564
median,7.0,8.0,7.0
std,3.8167616036345535,3.6191038116723893,3.7242301225016563
25ptile,5.0,6.0,6.0
75ptile,10.0,10.0,10.0
min,2.0,2.0,2.0
max,67.0,68.0,67.0
