,entailment,neutral,contradiction
mean,0.19878721413419115,0.14327479151216688,0.15260265241343043
median,0.16666666666666666,0.11538461538461539,0.125
std,0.146913778808355,0.11495903247065681,0.12340225254844775
25ptile,0.09523809523809523,0.06666666666666667,0.06896551724137931
75ptile,0.2631578947368421,0.19230769230769232,0.2
min,0.0,0.0,0.0
max,0.9830508474576272,0.9666666666666667,0.9830508474576272
