,entailment,neutral,contradiction
mean,0.46940537018407835,0.3460852653488938,0.36677366408315903
median,0.45454545454545453,0.3333333333333333,0.3333333333333333
std,0.24630256008304266,0.20663836809745087,0.21755556017117705
25ptile,0.2857142857142857,0.2,0.2
75ptile,0.6666666666666666,0.5,0.5
min,0.0,0.0,0.0
max,1.0,1.0,1.0
