,entailment,neutral,contradiction
mean,8.45,9.092,8.546
median,8.0,8.0,8.0
std,3.901630777344612,4.291614376193876,4.001986993969358
25ptile,6.0,6.0,6.0
75ptile,10.0,12.0,10.0
min,2.0,2.0,3.0
max,28.0,30.0,27.0
