,entailment,neutral,contradiction
mean,0.47524051170348924,0.3381211898226136,0.39523200927323826
median,0.46153846153846156,0.3333333333333333,0.35714285714285715
std,0.27313588397663174,0.22550968320603773,0.24912110308709695
25ptile,0.25,0.16666666666666666,0.2
75ptile,0.6666666666666666,0.5,0.5714285714285714
min,0.0,0.0,0.0
max,1.0,1.0,1.0
