,entailment,neutral,contradiction
mean,0.20990693918199468,0.14421005609934856,0.16856803003990983
median,0.15789473684210525,0.1111111111111111,0.13043478260869565
std,0.16930245484654685,0.12485056877872253,0.14568268836384135
25ptile,0.08333333333333333,0.058823529411764705,0.06666666666666667
75ptile,0.2857142857142857,0.2,0.2222222222222222
min,0.0,0.0,0.0
max,0.8947368421052632,0.8461538461538461,0.8888888888888888
