,entailment,neutral,contradiction
mean,8.630315157578789,8.67783891945973,8.509254627313657
median,8.0,8.0,8.0
std,3.5409659544559275,3.35388023708521,3.330297325310808
25ptile,6.0,6.0,6.0
75ptile,11.0,11.0,10.0
min,1.0,1.0,1.0
max,26.0,24.0,26.0
