,entailment,neutral,contradiction
mean,0.17954621213409358,0.13484981671090693,0.14981197098191126
median,0.16,0.1111111111111111,0.125
std,0.12145722996409587,0.10379067255971759,0.11596366850876741
25ptile,0.0919661733615222,0.06451612903225806,0.06896551724137931
75ptile,0.2413793103448276,0.17857142857142858,0.2
min,0.0,0.0,0.0
max,1.0,0.8461538461538461,0.8571428571428571
