,entailment,neutral,contradiction
mean,0.41347546288519427,0.3208446069978036,0.3467114192112914
median,0.4,0.2857142857142857,0.3333333333333333
std,0.22058322607476694,0.19300564553796043,0.20076143623651715
25ptile,0.25,0.18181818181818182,0.2
75ptile,0.5714285714285714,0.42857142857142855,0.5
min,0.0,0.0,0.0
max,1.0,1.0,1.0
