,entailment,neutral,contradiction
mean,9.003006012024048,9.254509018036073,8.94188376753507
median,8.0,8.0,8.0
std,3.6155508024059437,4.523798067585212,3.834938005631662
25ptile,6.0,6.0,6.0
75ptile,11.0,11.0,11.0
min,3.0,3.0,3.0
max,26.0,38.0,26.0
