,entailment,neutral,contradiction
mean,0.20056520034960906,0.1339761457324022,0.157567283117963
median,0.16869918699186992,0.11428571428571428,0.13636363636363635
std,0.1404160145510496,0.10251693015437872,0.11186491019166356
25ptile,0.09817073170731708,0.0625,0.07692307692307693
75ptile,0.2727272727272727,0.17857142857142858,0.21052631578947367
min,0.0,0.0,0.0
max,0.8333333333333334,0.7142857142857143,0.7777777777777778
