,entailment,neutral,contradiction
mean,0.4520799946190045,0.323127903526727,0.376369509833731
median,0.4444444444444444,0.3,0.36363636363636365
std,0.22727702174918882,0.19447916796759993,0.20459174596523022
25ptile,0.2857142857142857,0.16666666666666666,0.2222222222222222
75ptile,0.6153846153846154,0.4444444444444444,0.5
min,0.0,0.0,0.0
max,1.0,1.0,1.0
