,entailment,neutral,contradiction
mean,0.17965906814009738,0.14264118803704126,0.1505000339475397
median,0.15789473684210525,0.125,0.125
std,0.12706506191066627,0.10890965530001726,0.12110810537081083
25ptile,0.09090909090909091,0.06666666666666667,0.0625
75ptile,0.25,0.1875,0.2072557471264368
min,0.0,0.0,0.0
max,1.0,0.8181818181818182,0.8571428571428571
