,entailment,neutral,contradiction
mean,9.104820964192838,9.156031206241249,8.919551731038624
median,8.0,8.0,8.0
std,3.8260253724998994,4.061903341455641,3.5741504725537045
25ptile,6.0,6.0,6.0
75ptile,11.0,11.0,11.0
min,2.0,2.0,2.0
max,38.0,38.0,32.0
