,entailment,neutral,contradiction
mean,0.21734013721885992,0.14112191039092795,0.17400563031823318
median,0.1875,0.11764705882352941,0.14285714285714285
std,0.15064885882746393,0.10935333607416187,0.1329225503921183
25ptile,0.10810810810810811,0.06666666666666667,0.08333333333333333
75ptile,0.2916666666666667,0.19047619047619047,0.23076923076923078
min,0.0,0.0,0.0
max,1.0,0.9090909090909091,1.0
