,entailment,neutral,contradiction
mean,0.4663842810634927,0.3286085142039799,0.3907311519290989
median,0.45454545454545453,0.3,0.375
std,0.23404902382473142,0.20491635814863005,0.22187146469622665
25ptile,0.2899159663865546,0.18181818181818182,0.2222222222222222
75ptile,0.625,0.4444444444444444,0.5333333333333333
min,0.0,0.0,0.0
max,1.0,1.0,1.0
