,entailment,neutral,contradiction
mean,8.416,8.72,8.746
median,8.0,8.0,8.0
std,3.1583095033449333,3.2897450391211813,3.3145845094778426
25ptile,6.0,6.0,6.0
75ptile,10.0,11.0,11.0
min,3.0,3.0,2.0
max,20.0,23.0,25.0
