,entailment,neutral,contradiction
mean,0.46360325790051027,0.3035618714811086,0.3966850629246914
median,0.45454545454545453,0.2857142857142857,0.375
std,0.21579295254242045,0.18452055279020463,0.21494432533491187
25ptile,0.32894736842105265,0.16666666666666666,0.25
75ptile,0.6,0.4166666666666667,0.5454545454545454
min,0.0,0.0,0.0
max,1.0,1.0,1.0
