,entailment,neutral,contradiction
mean,0.20262460575980787,0.12451829380974808,0.17630322575195198
median,0.17391304347826086,0.10344827586206896,0.13840996168582376
std,0.13455364031948536,0.09560025797488492,0.1397007337590695
25ptile,0.10256410256410256,0.058823529411764705,0.08333333333333333
75ptile,0.2727272727272727,0.17278860569715143,0.23076923076923078
min,0.0,0.0,0.0
max,0.8333333333333334,0.6428571428571429,0.8571428571428571
