,entailment,neutral,contradiction
mean,8.419,8.602,8.296
median,8.0,8.0,8.0
std,3.4107289649094183,3.34795531702632,3.354345783552381
25ptile,6.0,6.0,6.0
75ptile,10.0,11.0,10.0
min,1.0,1.0,1.0
max,25.0,24.0,26.0
