,entailment,neutral,contradiction
mean,0.39924164681208024,0.32475133538631984,0.3374102820854756
median,0.4,0.3,0.3333333333333333
std,0.22302297756454745,0.19894782090016996,0.20295576182980182
25ptile,0.25,0.18181818181818182,0.18181818181818182
75ptile,0.547979797979798,0.4444444444444444,0.5
min,0.0,0.0,0.0
max,1.0,1.0,1.0
