,entailment,neutral,contradiction
mean,7.357357357357357,7.627627627627628,7.49049049049049
median,7.0,7.0,7.0
std,3.3888629668133676,3.2583294645072387,3.2865273746049515
25ptile,5.0,5.0,5.0
75ptile,9.0,9.5,9.0
min,2.0,2.0,2.0
max,27.0,22.0,21.0
