,entailment,neutral,contradiction
mean,8.426,8.984,8.527
median,8.0,8.0,8.0
std,3.8973983262830236,3.9964629005804264,3.9121062837780336
25ptile,6.0,6.0,6.0
75ptile,10.0,11.0,11.0
min,2.0,2.0,2.0
max,43.0,43.0,43.0
