,entailment,neutral,contradiction
mean,0.2448063634006363,0.16564037788897032,0.18357798503781705
median,0.2,0.12903225806451613,0.14285714285714285
std,0.1714928754680254,0.1446827409908061,0.14396255557257448
25ptile,0.125,0.06976744186046512,0.08333333333333333
75ptile,0.32171658986175117,0.21428571428571427,0.25
min,0.0,0.0,0.0
max,1.0,0.9714285714285714,0.9714285714285714
