,entailment,neutral,contradiction
mean,0.5328837167302165,0.3636931940576408,0.4154929285770213
median,0.5,0.3333333333333333,0.4
std,0.23716396138168516,0.21358947626544805,0.2213058799529573
25ptile,0.36363636363636365,0.21428571428571427,0.25
75ptile,0.7,0.5,0.5714285714285714
min,0.0,0.0,0.0
max,1.0,1.0,1.0
