,entailment,neutral,contradiction
mean,0.21109618025182292,0.14942787195056606,0.16137297839413753
median,0.18181818181818182,0.125,0.13513513513513514
std,0.14573482473057242,0.11084119192735871,0.12099264056113077
25ptile,0.10526315789473684,0.07142857142857142,0.07692307692307693
75ptile,0.2857142857142857,0.2,0.22580645161290322
min,0.0,0.0,0.0
max,1.0,0.75,0.7777777777777778
