,entailment,neutral,contradiction
mean,9.262,8.98,8.92092092092092
median,8.0,8.0,8.0
std,3.943463820920246,3.377722458848419,3.4199627253580456
25ptile,7.0,7.0,7.0
75ptile,11.0,11.0,11.0
min,3.0,3.0,3.0
max,38.0,29.0,27.0
