,entailment,neutral,contradiction
mean,0.23362097761957978,0.14048705594747812,0.1934519547090117
median,0.19722222222222224,0.11538461538461539,0.15789473684210525
std,0.1621240638788258,0.11276392146110183,0.1523960668068383
25ptile,0.11538461538461539,0.0625,0.08957219251336898
75ptile,0.3146616541353383,0.19230769230769232,0.25
min,0.0,0.0,0.0
max,1.0,0.7272727272727273,1.0
