,entailment,neutral,contradiction
mean,0.4935242896650134,0.33371756237510714,0.42561442621915097
median,0.5,0.29705882352941176,0.4
std,0.24130162633163404,0.22121495192100113,0.23769706093996568
25ptile,0.3076923076923077,0.16666666666666666,0.25
75ptile,0.6666666666666666,0.45454545454545453,0.6
min,0.0,0.0,0.0
max,1.0,1.0,1.0
