,entailment,neutral,contradiction
mean,9.253,9.533,8.952
median,9.0,9.0,8.0
std,3.616914855657107,4.1581487709317475,3.2696156328208343
25ptile,7.0,7.0,7.0
75ptile,11.0,11.0,11.0
min,3.0,3.0,3.0
max,27.0,36.0,21.0
