,entailment,neutral,contradiction
mean,0.4473267163597609,0.30004309216552566,0.36879604850344017
median,0.42857142857142855,0.2857142857142857,0.36363636363636365
std,0.2148108389856558,0.18219991688448434,0.20048000182359751
25ptile,0.3,0.16666666666666666,0.2222222222222222
75ptile,0.6,0.4,0.5
min,0.0,0.0,0.0
max,1.0,1.0,1.0
