,entailment,neutral,contradiction
mean,0.2077318140625482,0.128420883210214,0.1603508295642206
median,0.18518518518518517,0.1111111111111111,0.14285714285714285
std,0.1369912617992777,0.09511731259583689,0.11142448625716943
25ptile,0.10667293233082706,0.06451612903225806,0.08
75ptile,0.2727272727272727,0.17536764705882352,0.21476833976833976
min,0.0,0.0,0.0
max,0.8571428571428571,0.6470588235294118,0.7142857142857143
