,entailment,neutral,contradiction
mean,8.901,8.471,8.782
median,8.0,8.0,8.0
std,3.684124288317615,3.28206199376717,3.5937990193375295
25ptile,6.0,6.0,6.0
75ptile,11.0,10.0,11.0
min,3.0,3.0,3.0
max,26.0,26.0,34.0
