,entailment,neutral,contradiction
mean,0.454604143809407,0.3141593987357895,0.38474340121300593
median,0.4444444444444444,0.2857142857142857,0.375
std,0.218139166798791,0.1895070557914889,0.2102694949402004
25ptile,0.2857142857142857,0.18181818181818182,0.23076923076923078
75ptile,0.6,0.42857142857142855,0.5
min,0.0,0.0,0.0
max,1.0,1.0,1.0
