,entailment,neutral,contradiction
mean,0.20107598833652152,0.12568555593958572,0.16867123396340084
median,0.17647058823529413,0.10344827586206896,0.13840996168582376
std,0.1301591998318189,0.09612920462864881,0.128081481672595
25ptile,0.10526315789473684,0.0625,0.07692307692307693
75ptile,0.2692307692307692,0.16666666666666666,0.22727272727272727
min,0.0,0.0,0.0
max,0.8333333333333334,0.7142857142857143,0.8
