,entailment,neutral,contradiction
mean,9.065516379094774,9.200050012503127,8.9192096048024
median,8.0,8.0,8.0
std,3.7955779379576504,4.214898893667711,3.612064705146271
25ptile,6.0,6.0,6.0
75ptile,11.0,11.0,11.0
min,2.0,2.0,2.0
max,36.0,38.0,32.0
