,entailment,neutral,contradiction
mean,0.21326890931170317,0.1412806636901152,0.16914648122709067
median,0.18181818181818182,0.11764705882352941,0.14285714285714285
std,0.14738060303565556,0.10849757784233381,0.1271510509589658
25ptile,0.10526315789473684,0.06666666666666667,0.08
75ptile,0.2857142857142857,0.19047619047619047,0.22727272727272727
min,0.0,0.0,0.0
max,1.0,0.9090909090909091,1.0
