,entailment,neutral,contradiction
mean,0.45959758223840624,0.3273309327658386,0.38201469594716747
median,0.4444444444444444,0.3,0.375
std,0.2317345205858978,0.20064293809978123,0.21689437666414146
25ptile,0.2857142857142857,0.18181818181818182,0.2222222222222222
75ptile,0.625,0.4444444444444444,0.5
min,0.0,0.0,0.0
max,1.0,1.0,1.0
