,entailment,neutral,contradiction
mean,8.19731839103462,8.676605963578147,8.3548839071257
median,8.0,8.0,8.0
std,3.845480332608497,3.9884088270142994,3.9063048247566576
25ptile,6.0,6.0,6.0
75ptile,10.0,11.0,10.0
min,2.0,2.0,2.0
max,67.0,68.0,67.0
