,entailment,neutral,contradiction
mean,0.21284399569142945,0.1495165327431409,0.16441470460645197
median,0.17647058823529413,0.11764705882352941,0.13043478260869565
std,0.16268201198864213,0.1284305207267237,0.13721768185525582
25ptile,0.0967741935483871,0.06451612903225806,0.07142857142857142
75ptile,0.2857142857142857,0.2,0.21961805555555555
min,0.0,0.0,0.0
max,1.0,0.9714285714285714,0.9830508474576272
