,entailment,neutral,contradiction
mean,0.4842853603152496,0.34726533866097664,0.38577572178713837
median,0.5,0.3333333333333333,0.36363636363636365
std,0.2551813395277478,0.21401674590913128,0.23124800542085616
25ptile,0.2857142857142857,0.2,0.2
75ptile,0.6666666666666666,0.5,0.5454545454545454
min,0.0,0.0,0.0
max,1.0,1.0,1.0
