,entailment,neutral,contradiction
mean,8.72057352450817,8.608869623207736,8.600200066688897
median,8.0,8.0,8.0
std,3.590990162161746,3.330985589782767,3.4222343215830806
25ptile,6.0,6.0,6.0
75ptile,11.0,11.0,11.0
min,1.0,1.0,1.0
max,26.0,26.0,34.0
