,entailment,neutral,contradiction
mean,0.1867251971965904,0.13179404452973947,0.15610048814812988
median,0.16666666666666666,0.1111111111111111,0.13043478260869565
std,0.12481829209013001,0.10137649257558512,0.12044750027369107
25ptile,0.1,0.0625,0.07142857142857142
75ptile,0.25,0.17647058823529413,0.21052631578947367
min,0.0,0.0,0.0
max,1.0,0.8461538461538461,0.8571428571428571
