,entailment,neutral,contradiction
mean,0.42718959457049366,0.318615461195198,0.3593929737300358
median,0.42857142857142855,0.2857142857142857,0.3333333333333333
std,0.2205890296575439,0.19184043938051523,0.20473291840050623
25ptile,0.25,0.18181818181818182,0.2
75ptile,0.5714285714285714,0.42857142857142855,0.5
min,0.0,0.0,0.0
max,1.0,1.0,1.0
