,entailment,neutral,contradiction
mean,8.589410589410589,8.605394605394606,8.547452547452547
median,8.0,8.0,8.0
std,3.7921297119491775,3.9695252699952506,3.5723935958956154
25ptile,6.0,6.0,6.0
75ptile,11.0,10.0,10.0
min,2.0,2.0,0.0
max,29.0,34.0,27.0
